{
  "promote": false,
  "metrics": {
    "accuracy": 0.8963217530368506,
    "precision": 0.925605716547572,
    "recall": 0.8886,
    "f1_score": 0.9067254415771268,
    "roc_auc": 0.9606688186129377
  },
  "candidate_model_path": "artifacts/models/model.joblib"
}